Workbook

Sheet Guide
A3: ClICK HERE TO GO TO: | H3: Test Percentage | I3: Continuous Assessment Percentage
A4: Continuos Assesssment | H4: 0.7 | I4: 0.3
A5: OverAll
A6: reportCards | I6: =IF($I$4+H4=100%,"SUCCESS","Test Percentage and Continuous Assessment Percentage MUST sum to 100%. It should not be LESS or MORE") -> SUCCESS
A7: Student Names
A8: Test Results
H9: Enter Your School Name Here➡️ | I9: KALPOHIN ANGLICAN PRIMARY B

Sheet Students Names
A1: NAME
A2: ADAM FATI
A3: ALAHASSAN IDDRISU
A4: ALHASSAN FATIMA
A5: BABA FUSEINI
A6: INUSAH FATAW

Sheet ContinuousAssessment
B4: ENGLISH | F4: MATHEMATICS | J4: SCIENCE | N4: HISTORY | R4: RELIGIOUS AND MORAL EDUCATION | V4: CREATIVE ARTS | Z4: OUR WORLD OUR PEOPLE | AD4: COMPUTING | AH4: GHANAIAN LANGUAGE
A5: NAME | B5: english test1 | C5: english test2 | D5: english test3 | E5: english test4 | F5: math test1 | G5: math test2 | H5: math test3 | I5: math test4 | J5: science test1 | K5: science test2 | L5: science test3 | M5: science test4 | N5: history test1 | O5: history test2 | P5: history test3 | Q5: history test4 | R5: rme test1 | S5: rme test2 | T5: rme test3 | U5: rme test4 | V5: arts test1 | W5: arts test2 | X5: arts test3 | Y5: arts test4 | Z5: owop test1 | AA5: owop test2 | AB5: owop test3 | AC5: owop test4 | AD5: computing test1 | AE5: computing test2 | AF5: computing test3 | AG5: computing test4 | AH5: ghLanguage test1 | AI5: ghLanguage test2 | AJ5: ghLanguage test3 | AK5: ghLanguage test4
A6: ='Students Names'!$A2 -> ADAM FATI | B6: 60 | C6: 70 | D6: 100 | E6: 90
A7: ='Students Names'!$A3 -> ALAHASSAN IDDRISU
A8: ='Students Names'!$A4 -> ALHASSAN FATIMA
A9: ='Students Names'!$A5 -> BABA FUSEINI
A10: ='Students Names'!$A6 -> INUSAH FATAW
A11: ='Students Names'!$A7 -> 0
A12: ='Students Names'!$A8 -> 0
A13: ='Students Names'!$A9 -> 0
A14: ='Students Names'!$A10 -> 0
A15: ='Students Names'!$A11 -> 0
A16: ='Students Names'!$A12 -> 0
A17: ='Students Names'!$A13 -> 0
A18: ='Students Names'!$A14 -> 0
... A54: ='Students Names'!$A50 -> 0

Sheet testResults
A1: NAME | B1: ENGLISH | C1: MATHEMATICS | D1: SCIENCE | E1: HISTORY | F1: RME | G1: CREATIVE ARTS | H1: OWOP | I1: COMPUTING | J1: DAGBANI
A2: ='Students Names'!$A2 -> ADAM FATI | B2: 80
A3: ='Students Names'!$A3 -> ALAHASSAN IDDRISU | B3: 88 | C3: 0
A4: ='Students Names'!$A4 -> ALHASSAN FATIMA
A5: ='Students Names'!$A5 -> BABA FUSEINI
A6: ='Students Names'!$A6 -> INUSAH FATAW
A7: ='Students Names'!$A7 -> 0
A8: ='Students Names'!$A8 -> 0
A9: ='Students Names'!$A9 -> 0
A10: ='Students Names'!$A10 -> 0
A11: ='Students Names'!$A11 -> 0
A12: ='Students Names'!$A12 -> 0
A13: ='Students Names'!$A13 -> 0
A14: ='Students Names'!$A14 -> 0
A15: ='Students Names'!$A15 -> 0
... A80: ='Students Names'!$A80 -> 0

Sheet overAll
B1: ENGLISH | E1: MATHEMATICS | H1: SCIENCE | K1: HISTORY | N1: RELIGIOUS AND MORAL EDUCATION | Q1: CREATIVE ARTS | T1: OUR WORLD OUR PEOPLE | W1: COMPUTING | Z1: GHANAIAN LANGUAGE
A2: name of student | B2: englishCA | C2: englishTest | D2: englishTotal | E2: mathCA | F2: mathTest | G2: mathTotal | H2: scienceCA | I2: scienceTest | J2: scienceTotal | K2: historyCA | L2: historyTest | M2: historyTotal | N2: rmeCA | O2: rmeTest | P2: rmeTotal | Q2: creativeArtsCA | R2: creativeArtsTest | S2: creativeArtsTotal | T2: owopCA | U2: owopTest | V2: owopTotal | W2: computingCA | X2: computingTest | Y2: computingTotal | Z2: GHLanguageCA | AA2: GHLanguageTest | AB2: GHLanguageTotal | AC2: Overal Marks
A3: ='Students Names'!$A2 -> ADAM FATI | B3: =IFERROR(Guide!$I$4*(SUM(ContinuousAssessment!B6:E6)/COUNTA(ContinuousAssessment!B6:E6)),"") -> 24 | C3: =Guide!$H$4*testResults!B2 -> 56 | D3: =SUM(B3:C54) -> 141.6 | E3: =IFERROR(Guide!$I$4*(SUM(ContinuousAssessment!$F6:$I6)/COUNTA(ContinuousAssessment!$F6:$I6)),"") | F3: =Guide!$H$4*testResults!C2 -> 0 | G3: =SUM(E3:F54) -> 0 | H3: =IFERROR(Guide!$I$4*SUM(ContinuousAssessment!$J6:$M6)/COUNTA(ContinuousAssessment!$J6:$M6),"") | I3: =Guide!$H$4*testResults!D2 -> 0 | J3: =SUM(H3:I54) -> 0 | K3: =IFERROR(SUM(ContinuousAssessment!$N6:$Q6)/COUNTA(ContinuousAssessment!$N6:$Q6)*Guide!$I$4,"") | L3: =Guide!$H$4*testResults!$E2 -> 0 | M3: =SUM(K3:L54) -> 0 | N3: =IFERROR(Guide!$I$4*(SUM(ContinuousAssessment!$R6:$U6))/COUNTA(ContinuousAssessment!R6:U6),"") | O3: =Guide!$H$4*testResults!F2 -> 0 | P3: =SUM(N3:O54) -> 0 | Q3: =IFERROR(Guide!$I$4*(SUM(ContinuousAssessment!$V6:$Y6)/COUNTA(ContinuousAssessment!$V6:$Y6)),"") | R3: =Guide!$H$4*testResults!G2 -> 0 | S3: =SUM(Q3:R54) -> 0 | T3: =IFERROR(Guide!$I$4*(SUM(ContinuousAssessment!$Z6:$AC6))/COUNTA(ContinuousAssessment!$Z6:$AC6),"") | U3: =Guide!$H$4*testResults!H2 -> 0 | V3: =SUM(T3:U54) -> 0 | W3: =IFERROR(((SUM(ContinuousAssessment!$AD6:$AF6))/COUNTA(ContinuousAssessment!$AD6:$AF6))*Guide!$I$4,"") | X3: =Guide!$H$4*testResults!I2 -> 0 | Y3: =SUM(W3:X54) -> 0 | Z3: =IFERROR((SUM(ContinuousAssessment!$AH6:$AK6)/COUNTA(ContinuousAssessment!AH6:AK6))*Guide!$I$4,"") | AA3: =testResults!J2*Guide!$H$4 -> 0 | AB3: =SUM(Z3:AA54) -> 0 | AC3: =SUM(AB3,Y3,V3,S3,P3,M3,J3,G3,D3,) -> 141.6
A4: ='Students Names'!$A3 -> ALAHASSAN IDDRISU | B4: =IFERROR(Guide!$I$4*(SUM(ContinuousAssessment!B7:E7)/COUNTA(ContinuousAssessment!B7:E7)),"") | C4: =Guide!$H$4*testResults!B3 -> 61.6 | D4: =SUM(B4:C5) -> 61.6 | E4: =IFERROR(Guide!$I$4*(SUM(ContinuousAssessment!$F7:$I7)/COUNTA(ContinuousAssessment!$F7:$I7)),"") | F4: =Guide!$H$4*testResults!C3 -> 0 | G4: =SUM(E4:F5) -> 0 | H4: =IFERROR(Guide!$I$4*SUM(ContinuousAssessment!$J7:$M7)/COUNTA(ContinuousAssessment!$J7:$M7),"") | I4: =Guide!$H$4*testResults!D3 -> 0 | J4: =SUM(H4:I5) -> 0 | K4: =IFERROR(SUM(ContinuousAssessment!$N7:$Q7)/COUNTA(ContinuousAssessment!$N7:$Q7)*Guide!$I$4,"") | L4: =Guide!$H$4*testResults!$E3 -> 0 | M4: =SUM(K4:L5) -> 0 | N4: =IFERROR(Guide!$I$4*(SUM(ContinuousAssessment!$R7:$U7))/COUNTA(ContinuousAssessment!R7:U7),"") | O4: =Guide!$H$4*testResults!F3 -> 0 | P4: =SUM(N4:O5) -> 0 | Q4: =IFERROR(Guide!$I$4*(SUM(ContinuousAssessment!$V7:$Y7)/COUNTA(ContinuousAssessment!$V7:$Y7)),"") | R4: =Guide!$H$4*testResults!G3 -> 0 | S4: =SUM(Q4:R5) -> 0 | T4: =IFERROR(Guide!$I$4*(SUM(ContinuousAssessment!$Z7:$AC7))/COUNTA(ContinuousAssessment!$Z7:$AC7),"") | U4: =Guide!$H$4*testResults!H3 -> 0 | V4: =SUM(T4:U5) -> 0 | W4: =IFERROR(((SUM(ContinuousAssessment!$AD7:$AF7))/COUNTA(ContinuousAssessment!$AD7:$AF7))*Guide!$I$4,"") | X4: =Guide!$H$4*testResults!I3 -> 0 | Y4: =SUM(W4:X5) -> 0 | Z4: =IFERROR((SUM(ContinuousAssessment!$AH7:$AK7)/COUNTA(ContinuousAssessment!AH7:AK7))*Guide!$I$4,"") | AA4: =testResults!J3*Guide!$H$4 -> 0 | AB4: =SUM(Z4:AA5) -> 0 | AC4: =SUM(AB4,Y4,V4,S4,P4,M4,J4,G4,D4,) -> 61.6
A5: ='Students Names'!$A4 -> ALHASSAN FATIMA | B5: =IFERROR(Guide!$I$4*(SUM(ContinuousAssessment!B8:E8)/COUNTA(ContinuousAssessment!B8:E8)),"") | C5: =Guide!$H$4*testResults!B4 -> 0 | D5: =SUM(B5:C56) -> 0 | E5: =IFERROR(Guide!$I$4*(SUM(ContinuousAssessment!$F8:$I8)/COUNTA(ContinuousAssessment!$F8:$I8)),"") | F5: =Guide!$H$4*testResults!C4 -> 0 | G5: =SUM(E5:F56) -> 0 | H5: =IFERROR(Guide!$I$4*SUM(ContinuousAssessment!$J8:$M8)/COUNTA(ContinuousAssessment!$J8:$M8),"") | I5: =Guide!$H$4*testResults!D4 -> 0 | J5: =SUM(H5:I56) -> 0 | K5: =IFERROR(SUM(ContinuousAssessment!$N8:$Q8)/COUNTA(ContinuousAssessment!$N8:$Q8)*Guide!$I$4,"") | L5: =Guide!$H$4*testResults!$E4 -> 0 | M5: =SUM(K5:L56) -> 0 | N5: =IFERROR(Guide!$I$4*(SUM(ContinuousAssessment!$R8:$U8))/COUNTA(ContinuousAssessment!R8:U8),"") | O5: =Guide!$H$4*testResults!F4 -> 0 | P5: =SUM(N5:O56) -> 0 | Q5: =IFERROR(Guide!$I$4*(SUM(ContinuousAssessment!$V8:$Y8)/COUNTA(ContinuousAssessment!$V8:$Y8)),"") | R5: =Guide!$H$4*testResults!G4 -> 0 | S5: =SUM(Q5:R56) -> 0 | T5: =IFERROR(Guide!$I$4*(SUM(ContinuousAssessment!$Z8:$AC8))/COUNTA(ContinuousAssessment!$Z8:$AC8),"") | U5: =Guide!$H$4*testResults!H4 -> 0 | V5: =SUM(T5:U56) -> 0 | W5: =IFERROR(((SUM(ContinuousAssessment!$AD8:$AF8))/COUNTA(ContinuousAssessment!$AD8:$AF8))*Guide!$I$4,"") | X5: =Guide!$H$4*testResults!I4 -> 0 | Y5: =SUM(W5:X56) -> 0 | Z5: =IFERROR((SUM(ContinuousAssessment!$AH8:$AK8)/COUNTA(ContinuousAssessment!AH8:AK8))*Guide!$I$4,"") | AA5: =testResults!J4*Guide!$H$4 -> 0 | AB5: =SUM(Z5:AA56) -> 0 | AC5: =SUM(AB5,Y5,V5,S5,P5,M5,J5,G5,D5,) -> 0
A6: ='Students Names'!$A5 -> BABA FUSEINI | B6: =IFERROR(Guide!$I$4*(SUM(ContinuousAssessment!B9:E9)/COUNTA(ContinuousAssessment!B9:E9)),"") | C6: =Guide!$H$4*testResults!B5 -> 0 | D6: =SUM(B6:C57) -> 0 | E6: =IFERROR(Guide!$I$4*(SUM(ContinuousAssessment!$F9:$I9)/COUNTA(ContinuousAssessment!$F9:$I9)),"") | F6: =Guide!$H$4*testResults!C5 -> 0 | G6: =SUM(E6:F57) -> 0 | H6: =IFERROR(Guide!$I$4*SUM(ContinuousAssessment!$J9:$M9)/COUNTA(ContinuousAssessment!$J9:$M9),"") | I6: =Guide!$H$4*testResults!D5 -> 0 | J6: =SUM(H6:I57) -> 0 | K6: =IFERROR(SUM(ContinuousAssessment!$N9:$Q9)/COUNTA(ContinuousAssessment!$N9:$Q9)*Guide!$I$4,"") | L6: =Guide!$H$4*testResults!$E5 -> 0 | M6: =SUM(K6:L57) -> 0 | N6: =IFERROR(Guide!$I$4*(SUM(ContinuousAssessment!$R9:$U9))/COUNTA(ContinuousAssessment!R9:U9),"") | O6: =Guide!$H$4*testResults!F5 -> 0 | P6: =SUM(N6:O57) -> 0 | Q6: =IFERROR(Guide!$I$4*(SUM(ContinuousAssessment!$V9:$Y9)/COUNTA(ContinuousAssessment!$V9:$Y9)),"") | R6: =Guide!$H$4*testResults!G5 -> 0 | S6: =SUM(Q6:R57) -> 0 | T6: =IFERROR(Guide!$I$4*(SUM(ContinuousAssessment!$Z9:$AC9))/COUNTA(ContinuousAssessment!$Z9:$AC9),"") | U6: =Guide!$H$4*testResults!H5 -> 0 | V6: =SUM(T6:U57) -> 0 | W6: =IFERROR(((SUM(ContinuousAssessment!$AD9:$AF9))/COUNTA(ContinuousAssessment!$AD9:$AF9))*Guide!$I$4,"") | X6: =Guide!$H$4*testResults!I5 -> 0 | Y6: =SUM(W6:X57) -> 0 | Z6: =IFERROR((SUM(ContinuousAssessment!$AH9:$AK9)/COUNTA(ContinuousAssessment!AH9:AK9))*Guide!$I$4,"") | AA6: =testResults!J5*Guide!$H$4 -> 0 | AB6: =SUM(Z6:AA57) -> 0 | AC6: =SUM(AB6,Y6,V6,S6,P6,M6,J6,G6,D6,) -> 0
A7: ='Students Names'!$A6 -> INUSAH FATAW | B7: =IFERROR(Guide!$I$4*(SUM(ContinuousAssessment!B10:E10)/COUNTA(ContinuousAssessment!B10:E10)),"") | C7: =Guide!$H$4*testResults!B6 -> 0 | D7: =SUM(B7:C58) -> 0 | E7: =IFERROR(Guide!$I$4*(SUM(ContinuousAssessment!$F10:$I10)/COUNTA(ContinuousAssessment!$F10:$I10)),"") | F7: =Guide!$H$4*testResults!C6 -> 0 | G7: =SUM(E7:F58) -> 0 | H7: =IFERROR(Guide!$I$4*SUM(ContinuousAssessment!$J10:$M10)/COUNTA(ContinuousAssessment!$J10:$M10),"") | I7: =Guide!$H$4*testResults!D6 -> 0 | J7: =SUM(H7:I58) -> 0 | K7: =IFERROR(SUM(ContinuousAssessment!$N10:$Q10)/COUNTA(ContinuousAssessment!$N10:$Q10)*Guide!$I$4,"") | L7: =Guide!$H$4*testResults!$E6 -> 0 | M7: =SUM(K7:L58) -> 0 | N7: =IFERROR(Guide!$I$4*(SUM(ContinuousAssessment!$R10:$U10))/COUNTA(ContinuousAssessment!R10:U10),"") | O7: =Guide!$H$4*testResults!F6 -> 0 | P7: =SUM(N7:O58) -> 0 | Q7: =IFERROR(Guide!$I$4*(SUM(ContinuousAssessment!$V10:$Y10)/COUNTA(ContinuousAssessment!$V10:$Y10)),"") | R7: =Guide!$H$4*testResults!G6 -> 0 | S7: =SUM(Q7:R58) -> 0 | T7: =IFERROR(Guide!$I$4*(SUM(ContinuousAssessment!$Z10:$AC10))/COUNTA(ContinuousAssessment!$Z10:$AC10),"") | U7: =Guide!$H$4*testResults!H6 -> 0 | V7: =SUM(T7:U58) -> 0 | W7: =IFERROR(((SUM(ContinuousAssessment!$AD10:$AF10))/COUNTA(ContinuousAssessment!$AD10:$AF10))*Guide!$I$4,"") | X7: =Guide!$H$4*testResults!I6 -> 0 | Y7: =SUM(W7:X58) -> 0 | Z7: =IFERROR((SUM(ContinuousAssessment!$AH10:$AK10)/COUNTA(ContinuousAssessment!AH10:AK10))*Guide!$I$4,"") | AA7: =testResults!J6*Guide!$H$4 -> 0 | AB7: =SUM(Z7:AA58) -> 0 | AC7: =SUM(AB7,Y7,V7,S7,P7,M7,J7,G7,D7,) -> 0
A8: ='Students Names'!$A7 -> 0 | B8: =IFERROR(Guide!$I$4*(SUM(ContinuousAssessment!B11:E11)/COUNTA(ContinuousAssessment!B11:E11)),"") | C8: =Guide!$H$4*testResults!B7 -> 0 | D8: =SUM(B8:C59) -> 0 | E8: =IFERROR(Guide!$I$4*(SUM(ContinuousAssessment!$F11:$I11)/COUNTA(ContinuousAssessment!$F11:$I11)),"") | F8: =Guide!$H$4*testResults!C7 -> 0 | G8: =SUM(E8:F59) -> 0 | H8: =IFERROR(Guide!$I$4*SUM(ContinuousAssessment!$J11:$M11)/COUNTA(ContinuousAssessment!$J11:$M11),"") | I8: =Guide!$H$4*testResults!D7 -> 0 | J8: =SUM(H8:I59) -> 0 | K8: =IFERROR(SUM(ContinuousAssessment!$N11:$Q11)/COUNTA(ContinuousAssessment!$N11:$Q11)*Guide!$I$4,"") | L8: =Guide!$H$4*testResults!$E7 -> 0 | M8: =SUM(K8:L59) -> 0 | N8: =IFERROR(Guide!$I$4*(SUM(ContinuousAssessment!$R11:$U11))/COUNTA(ContinuousAssessment!R11:U11),"") | O8: =Guide!$H$4*testResults!F7 -> 0 | P8: =SUM(N8:O59) -> 0 | Q8: =IFERROR(Guide!$I$4*(SUM(ContinuousAssessment!$V11:$Y11)/COUNTA(ContinuousAssessment!$V11:$Y11)),"") | R8: =Guide!$H$4*testResults!G7 -> 0 | S8: =SUM(Q8:R59) -> 0 | T8: =IFERROR(Guide!$I$4*(SUM(ContinuousAssessment!$Z11:$AC11))/COUNTA(ContinuousAssessment!$Z11:$AC11),"") | U8: =Guide!$H$4*testResults!H7 -> 0 | V8: =SUM(T8:U59) -> 0 | W8: =IFERROR(((SUM(ContinuousAssessment!$AD11:$AF11))/COUNTA(ContinuousAssessment!$AD11:$AF11))*Guide!$I$4,"") | X8: =Guide!$H$4*testResults!I7 -> 0 | Y8: =SUM(W8:X59) -> 0 | Z8: =IFERROR((SUM(ContinuousAssessment!$AH11:$AK11)/COUNTA(ContinuousAssessment!AH11:AK11))*Guide!$I$4,"") | AA8: =testResults!J7*Guide!$H$4 -> 0 | AB8: =SUM(Z8:AA59) -> 0 | AC8: =SUM(AB8,Y8,V8,S8,P8,M8,J8,G8,D8,) -> 0
A9: ='Students Names'!$A8 -> 0 | B9: =IFERROR(Guide!$I$4*(SUM(ContinuousAssessment!B12:E12)/COUNTA(ContinuousAssessment!B12:E12)),"") | C9: =Guide!$H$4*testResults!B8 -> 0 | D9: =SUM(B9:C60) -> 0 | E9: =IFERROR(Guide!$I$4*(SUM(ContinuousAssessment!$F12:$I12)/COUNTA(ContinuousAssessment!$F12:$I12)),"") | F9: =Guide!$H$4*testResults!C8 -> 0 | G9: =SUM(E9:F60) -> 0 | H9: =IFERROR(Guide!$I$4*SUM(ContinuousAssessment!$J12:$M12)/COUNTA(ContinuousAssessment!$J12:$M12),"") | I9: =Guide!$H$4*testResults!D8 -> 0 | J9: =SUM(H9:I60) -> 0 | K9: =IFERROR(SUM(ContinuousAssessment!$N12:$Q12)/COUNTA(ContinuousAssessment!$N12:$Q12)*Guide!$I$4,"") | L9: =Guide!$H$4*testResults!$E8 -> 0 | M9: =SUM(K9:L60) -> 0 | N9: =IFERROR(Guide!$I$4*(SUM(ContinuousAssessment!$R12:$U12))/COUNTA(ContinuousAssessment!R12:U12),"") | O9: =Guide!$H$4*testResults!F8 -> 0 | P9: =SUM(N9:O60) -> 0 | Q9: =IFERROR(Guide!$I$4*(SUM(ContinuousAssessment!$V12:$Y12)/COUNTA(ContinuousAssessment!$V12:$Y12)),"") | R9: =Guide!$H$4*testResults!G8 -> 0 | S9: =SUM(Q9:R60) -> 0 | T9: =IFERROR(Guide!$I$4*(SUM(ContinuousAssessment!$Z12:$AC12))/COUNTA(ContinuousAssessment!$Z12:$AC12),"") | U9: =Guide!$H$4*testResults!H8 -> 0 | V9: =SUM(T9:U60) -> 0 | W9: =IFERROR(((SUM(ContinuousAssessment!$AD12:$AF12))/COUNTA(ContinuousAssessment!$AD12:$AF12))*Guide!$I$4,"") | X9: =Guide!$H$4*testResults!I8 -> 0 | Y9: =SUM(W9:X60) -> 0 | Z9: =IFERROR((SUM(ContinuousAssessment!$AH12:$AK12)/COUNTA(ContinuousAssessment!AH12:AK12))*Guide!$I$4,"") | AA9: =testResults!J8*Guide!$H$4 -> 0 | AB9: =SUM(Z9:AA60) -> 0 | AC9: =SUM(AB9,Y9,V9,S9,P9,M9,J9,G9,D9,) -> 0
A10: ='Students Names'!$A9 -> 0 | B10: =IFERROR(Guide!$I$4*(SUM(ContinuousAssessment!B13:E13)/COUNTA(ContinuousAssessment!B13:E13)),"") | C10: =Guide!$H$4*testResults!B9 -> 0 | D10: =SUM(B10:C61) -> 0 | E10: =IFERROR(Guide!$I$4*(SUM(ContinuousAssessment!$F13:$I13)/COUNTA(ContinuousAssessment!$F13:$I13)),"") | F10: =Guide!$H$4*testResults!C9 -> 0 | G10: =SUM(E10:F61) -> 0 | H10: =IFERROR(Guide!$I$4*SUM(ContinuousAssessment!$J13:$M13)/COUNTA(ContinuousAssessment!$J13:$M13),"") | I10: =Guide!$H$4*testResults!D9 -> 0 | J10: =SUM(H10:I61) -> 0 | K10: =IFERROR(SUM(ContinuousAssessment!$N13:$Q13)/COUNTA(ContinuousAssessment!$N13:$Q13)*Guide!$I$4,"") | L10: =Guide!$H$4*testResults!$E9 -> 0 | M10: =SUM(K10:L61) -> 0 | N10: =IFERROR(Guide!$I$4*(SUM(ContinuousAssessment!$R13:$U13))/COUNTA(ContinuousAssessment!R13:U13),"") | O10: =Guide!$H$4*testResults!F9 -> 0 | P10: =SUM(N10:O61) -> 0 | Q10: =IFERROR(Guide!$I$4*(SUM(ContinuousAssessment!$V13:$Y13)/COUNTA(ContinuousAssessment!$V13:$Y13)),"") | R10: =Guide!$H$4*testResults!G9 -> 0 | S10: =SUM(Q10:R61) -> 0 | T10: =IFERROR(Guide!$I$4*(SUM(ContinuousAssessment!$Z13:$AC13))/COUNTA(ContinuousAssessment!$Z13:$AC13),"") | U10: =Guide!$H$4*testResults!H9 -> 0 | V10: =SUM(T10:U61) -> 0 | W10: =IFERROR(((SUM(ContinuousAssessment!$AD13:$AF13))/COUNTA(ContinuousAssessment!$AD13:$AF13))*Guide!$I$4,"") | X10: =Guide!$H$4*testResults!I9 -> 0 | Y10: =SUM(W10:X61) -> 0 | Z10: =IFERROR((SUM(ContinuousAssessment!$AH13:$AK13)/COUNTA(ContinuousAssessment!AH13:AK13))*Guide!$I$4,"") | AA10: =testResults!J9*Guide!$H$4 -> 0 | AB10: =SUM(Z10:AA61) -> 0 | AC10: =SUM(AB10,Y10,V10,S10,P10,M10,J10,G10,D10,) -> 0
A11: ='Students Names'!$A10 -> 0 | B11: =IFERROR(Guide!$I$4*(SUM(ContinuousAssessment!B14:E14)/COUNTA(ContinuousAssessment!B14:E14)),"") | C11: =Guide!$H$4*testResults!B10 -> 0 | D11: =SUM(B11:C62) -> 0 | E11: =IFERROR(Guide!$I$4*(SUM(ContinuousAssessment!$F14:$I14)/COUNTA(ContinuousAssessment!$F14:$I14)),"") | F11: =Guide!$H$4*testResults!C10 -> 0 | G11: =SUM(E11:F62) -> 0 | H11: =IFERROR(Guide!$I$4*SUM(ContinuousAssessment!$J14:$M14)/COUNTA(ContinuousAssessment!$J14:$M14),"") | I11: =Guide!$H$4*testResults!D10 -> 0 | J11: =SUM(H11:I62) -> 0 | K11: =IFERROR(SUM(ContinuousAssessment!$N14:$Q14)/COUNTA(ContinuousAssessment!$N14:$Q14)*Guide!$I$4,"") | L11: =Guide!$H$4*testResults!$E10 -> 0 | M11: =SUM(K11:L62) -> 0 | N11: =IFERROR(Guide!$I$4*(SUM(ContinuousAssessment!$R14:$U14))/COUNTA(ContinuousAssessment!R14:U14),"") | O11: =Guide!$H$4*testResults!F10 -> 0 | P11: =SUM(N11:O62) -> 0 | Q11: =IFERROR(Guide!$I$4*(SUM(ContinuousAssessment!$V14:$Y14)/COUNTA(ContinuousAssessment!$V14:$Y14)),"") | R11: =Guide!$H$4*testResults!G10 -> 0 | S11: =SUM(Q11:R62) -> 0 | T11: =IFERROR(Guide!$I$4*(SUM(ContinuousAssessment!$Z14:$AC14))/COUNTA(ContinuousAssessment!$Z14:$AC14),"") | U11: =Guide!$H$4*testResults!H10 -> 0 | V11: =SUM(T11:U62) -> 0 | W11: =IFERROR(((SUM(ContinuousAssessment!$AD14:$AF14))/COUNTA(ContinuousAssessment!$AD14:$AF14))*Guide!$I$4,"") | X11: =Guide!$H$4*testResults!I10 -> 0 | Y11: =SUM(W11:X62) -> 0 | Z11: =IFERROR((SUM(ContinuousAssessment!$AH14:$AK14)/COUNTA(ContinuousAssessment!AH14:AK14))*Guide!$I$4,"") | AA11: =testResults!J10*Guide!$H$4 -> 0 | AB11: =SUM(Z11:AA62) -> 0 | AC11: =SUM(AB11,Y11,V11,S11,P11,M11,J11,G11,D11,) -> 0
A12: ='Students Names'!$A11 -> 0 | B12: =IFERROR(Guide!$I$4*(SUM(ContinuousAssessment!B15:E15)/COUNTA(ContinuousAssessment!B15:E15)),"") | C12: =Guide!$H$4*testResults!B11 -> 0 | D12: =SUM(B12:C63) -> 0 | E12: =IFERROR(Guide!$I$4*(SUM(ContinuousAssessment!$F15:$I15)/COUNTA(ContinuousAssessment!$F15:$I15)),"") | F12: =Guide!$H$4*testResults!C11 -> 0 | G12: =SUM(E12:F63) -> 0 | H12: =IFERROR(Guide!$I$4*SUM(ContinuousAssessment!$J15:$M15)/COUNTA(ContinuousAssessment!$J15:$M15),"") | I12: =Guide!$H$4*testResults!D11 -> 0 | J12: =SUM(H12:I63) -> 0 | L12: =Guide!$H$4*testResults!$E11 -> 0 | M12: =SUM(K12:L63) -> 0 | N12: =IFERROR(Guide!$I$4*(SUM(ContinuousAssessment!$R15:$U15))/COUNTA(ContinuousAssessment!R15:U15),"") | O12: =Guide!$H$4*testResults!F11 -> 0 | P12: =SUM(N12:O63) -> 0 | Q12: =IFERROR(Guide!$I$4*(SUM(ContinuousAssessment!$V15:$Y15)/COUNTA(ContinuousAssessment!$V15:$Y15)),"") | R12: =Guide!$H$4*testResults!G11 -> 0 | S12: =SUM(Q12:R63) -> 0 | T12: =IFERROR(Guide!$I$4*(SUM(ContinuousAssessment!$Z15:$AC15))/COUNTA(ContinuousAssessment!$Z15:$AC15),"") | U12: =Guide!$H$4*testResults!H11 -> 0 | V12: =SUM(T12:U63) -> 0 | W12: =IFERROR(((SUM(ContinuousAssessment!$AD15:$AF15))/COUNTA(ContinuousAssessment!$AD15:$AF15))*Guide!$I$4,"") | X12: =Guide!$H$4*testResults!I11 -> 0 | Y12: =SUM(W12:X63) -> 0 | Z12: =IFERROR((SUM(ContinuousAssessment!$AH15:$AK15)/COUNTA(ContinuousAssessment!AH15:AK15))*Guide!$I$4,"") | AA12: =testResults!J11*Guide!$H$4 -> 0 | AB12: =SUM(Z12:AA63) -> 0 | AC12: =SUM(AB12,Y12,V12,S12,P12,M12,J12,G12,D12,) -> 0
A13: ='Students Names'!$A12 -> 0 | B13: =IFERROR(Guide!$I$4*(SUM(ContinuousAssessment!B16:E16)/COUNTA(ContinuousAssessment!B16:E16)),"") | C13: =Guide!$H$4*testResults!B12 -> 0 | D13: =SUM(B13:C64) -> 0 | E13: =IFERROR(Guide!$I$4*(SUM(ContinuousAssessment!$F16:$I16)/COUNTA(ContinuousAssessment!$F16:$I16)),"") | F13: =Guide!$H$4*testResults!C12 -> 0 | G13: =SUM(E13:F64) -> 0 | H13: =IFERROR(Guide!$I$4*SUM(ContinuousAssessment!$J16:$M16)/COUNTA(ContinuousAssessment!$J16:$M16),"") | I13: =Guide!$H$4*testResults!D12 -> 0 | J13: =SUM(H13:I64) -> 0 | K13: =IFERROR(SUM(ContinuousAssessment!$N16:$Q16)/COUNTA(ContinuousAssessment!$N16:$Q16)*Guide!$I$4,"") | L13: =Guide!$H$4*testResults!$E12 -> 0 | M13: =SUM(K13:L64) -> 0 | N13: =IFERROR(Guide!$I$4*(SUM(ContinuousAssessment!$R16:$U16))/COUNTA(ContinuousAssessment!R16:U16),"") | O13: =Guide!$H$4*testResults!F12 -> 0 | P13: =SUM(N13:O64) -> 0 | Q13: =IFERROR(Guide!$I$4*(SUM(ContinuousAssessment!$V16:$Y16)/COUNTA(ContinuousAssessment!$V16:$Y16)),"") | R13: =Guide!$H$4*testResults!G12 -> 0 | S13: =SUM(Q13:R64) -> 0 | T13: =IFERROR(Guide!$I$4*(SUM(ContinuousAssessment!$Z16:$AC16))/COUNTA(ContinuousAssessment!$Z16:$AC16),"") | U13: =Guide!$H$4*testResults!H12 -> 0 | V13: =SUM(T13:U64) -> 0 | W13: =IFERROR(((SUM(ContinuousAssessment!$AD16:$AF16))/COUNTA(ContinuousAssessment!$AD16:$AF16))*Guide!$I$4,"") | X13: =Guide!$H$4*testResults!I12 -> 0 | Y13: =SUM(W13:X64) -> 0 | Z13: =IFERROR((SUM(ContinuousAssessment!$AH16:$AK16)/COUNTA(ContinuousAssessment!AH16:AK16))*Guide!$I$4,"") | AA13: =testResults!J12*Guide!$H$4 -> 0 | AB13: =SUM(Z13:AA64) -> 0 | AC13: =SUM(AB13,Y13,V13,S13,P13,M13,J13,G13,D13,) -> 0
A14: ='Students Names'!$A13 -> 0 | B14: =IFERROR(Guide!$I$4*(SUM(ContinuousAssessment!B17:E17)/COUNTA(ContinuousAssessment!B17:E17)),"") | C14: =Guide!$H$4*testResults!B13 -> 0 | D14: =SUM(B14:C65) -> 0 | E14: =IFERROR(Guide!$I$4*(SUM(ContinuousAssessment!$F17:$I17)/COUNTA(ContinuousAssessment!$F17:$I17)),"") | F14: =Guide!$H$4*testResults!C13 -> 0 | G14: =SUM(E14:F65) -> 0 | H14: =IFERROR(Guide!$I$4*SUM(ContinuousAssessment!$J17:$M17)/COUNTA(ContinuousAssessment!$J17:$M17),"") | I14: =Guide!$H$4*testResults!D13 -> 0 | J14: =SUM(H14:I65) -> 0 | K14: =IFERROR(SUM(ContinuousAssessment!$N17:$Q17)/COUNTA(ContinuousAssessment!$N17:$Q17)*Guide!$I$4,"") | L14: =Guide!$H$4*testResults!$E13 -> 0 | M14: =SUM(K14:L65) -> 0 | N14: =IFERROR(Guide!$I$4*(SUM(ContinuousAssessment!$R17:$U17))/COUNTA(ContinuousAssessment!R17:U17),"") | O14: =Guide!$H$4*testResults!F13 -> 0 | P14: =SUM(N14:O65) -> 0 | Q14: =IFERROR(Guide!$I$4*(SUM(ContinuousAssessment!$V17:$Y17)/COUNTA(ContinuousAssessment!$V17:$Y17)),"") | R14: =Guide!$H$4*testResults!G13 -> 0 | S14: =SUM(Q14:R65) -> 0 | T14: =IFERROR(Guide!$I$4*(SUM(ContinuousAssessment!$Z17:$AC17))/COUNTA(ContinuousAssessment!$Z17:$AC17),"") | U14: =Guide!$H$4*testResults!H13 -> 0 | V14: =SUM(T14:U65) -> 0 | W14: =IFERROR(((SUM(ContinuousAssessment!$AD17:$AF17))/COUNTA(ContinuousAssessment!$AD17:$AF17))*Guide!$I$4,"") | X14: =Guide!$H$4*testResults!I13 -> 0 | Y14: =SUM(W14:X65) -> 0 | Z14: =IFERROR((SUM(ContinuousAssessment!$AH17:$AK17)/COUNTA(ContinuousAssessment!AH17:AK17))*Guide!$I$4,"") | AA14: =testResults!J13*Guide!$H$4 -> 0 | AB14: =SUM(Z14:AA65) -> 0 | AC14: =SUM(AB14,Y14,V14,S14,P14,M14,J14,G14,D14,) -> 0
A15: ='Students Names'!$A14 -> 0 | B15: =IFERROR(Guide!$I$4*(SUM(ContinuousAssessment!B18:E18)/COUNTA(ContinuousAssessment!B18:E18)),"") | C15: =Guide!$H$4*testResults!B14 -> 0 | D15: =SUM(B15:C66) -> 0 | E15: =IFERROR(Guide!$I$4*(SUM(ContinuousAssessment!$F18:$I18)/COUNTA(ContinuousAssessment!$F18:$I18)),"") | F15: =Guide!$H$4*testResults!C14 -> 0 | G15: =SUM(E15:F66) -> 0 | H15: =IFERROR(Guide!$I$4*SUM(ContinuousAssessment!$J18:$M18)/COUNTA(ContinuousAssessment!$J18:$M18),"") | I15: =Guide!$H$4*testResults!D14 -> 0 | J15: =SUM(H15:I66) -> 0 | K15: =IFERROR(SUM(ContinuousAssessment!$N18:$Q18)/COUNTA(ContinuousAssessment!$N18:$Q18)*Guide!$I$4,"") | L15: =Guide!$H$4*testResults!$E14 -> 0 | M15: =SUM(K15:L66) -> 0 | N15: =IFERROR(Guide!$I$4*(SUM(ContinuousAssessment!$R18:$U18))/COUNTA(ContinuousAssessment!R18:U18),"") | O15: =Guide!$H$4*testResults!F14 -> 0 | P15: =SUM(N15:O66) -> 0 | Q15: =IFERROR(Guide!$I$4*(SUM(ContinuousAssessment!$V18:$Y18)/COUNTA(ContinuousAssessment!$V18:$Y18)),"") | R15: =Guide!$H$4*testResults!G14 -> 0 | S15: =SUM(Q15:R66) -> 0 | T15: =IFERROR(Guide!$I$4*(SUM(ContinuousAssessment!$Z18:$AC18))/COUNTA(ContinuousAssessment!$Z18:$AC18),"") | U15: =Guide!$H$4*testResults!H14 -> 0 | V15: =SUM(T15:U66) -> 0 | W15: =IFERROR(((SUM(ContinuousAssessment!$AD18:$AF18))/COUNTA(ContinuousAssessment!$AD18:$AF18))*Guide!$I$4,"") | X15: =Guide!$H$4*testResults!I14 -> 0 | Y15: =SUM(W15:X66) -> 0 | Z15: =IFERROR((SUM(ContinuousAssessment!$AH18:$AK18)/COUNTA(ContinuousAssessment!AH18:AK18))*Guide!$I$4,"") | AA15: =testResults!J14*Guide!$H$4 -> 0 | AB15: =SUM(Z15:AA66) -> 0 | AC15: =SUM(AB15,Y15,V15,S15,P15,M15,J15,G15,D15,) -> 0
A16: ='Students Names'!$A15 -> 0 | B16: =IFERROR(Guide!$I$4*(SUM(ContinuousAssessment!B19:E19)/COUNTA(ContinuousAssessment!B19:E19)),"") | C16: =Guide!$H$4*testResults!B15 -> 0 | D16: =SUM(B16:C67) -> 0 | E16: =IFERROR(Guide!$I$4*(SUM(ContinuousAssessment!$F19:$I19)/COUNTA(ContinuousAssessment!$F19:$I19)),"") | F16: =Guide!$H$4*testResults!C15 -> 0 | G16: =SUM(E16:F67) -> 0 | H16: =IFERROR(Guide!$I$4*SUM(ContinuousAssessment!$J19:$M19)/COUNTA(ContinuousAssessment!$J19:$M19),"") | I16: =Guide!$H$4*testResults!D15 -> 0 | J16: =SUM(H16:I67) -> 0 | K16: =IFERROR(SUM(ContinuousAssessment!$N19:$Q19)/COUNTA(ContinuousAssessment!$N19:$Q19)*Guide!$I$4,"") | L16: =Guide!$H$4*testResults!$E15 -> 0 | M16: =SUM(K16:L67) -> 0 | N16: =IFERROR(Guide!$I$4*(SUM(ContinuousAssessment!$R19:$U19))/COUNTA(ContinuousAssessment!R19:U19),"") | O16: =Guide!$H$4*testResults!F15 -> 0 | P16: =SUM(N16:O67) -> 0 | Q16: =IFERROR(Guide!$I$4*(SUM(ContinuousAssessment!$V19:$Y19)/COUNTA(ContinuousAssessment!$V19:$Y19)),"") | R16: =Guide!$H$4*testResults!G15 -> 0 | S16: =SUM(Q16:R67) -> 0 | T16: =IFERROR(Guide!$I$4*(SUM(ContinuousAssessment!$Z19:$AC19))/COUNTA(ContinuousAssessment!$Z19:$AC19),"") | U16: =Guide!$H$4*testResults!H15 -> 0 | V16: =SUM(T16:U67) -> 0 | W16: =IFERROR(((SUM(ContinuousAssessment!$AD19:$AF19))/COUNTA(ContinuousAssessment!$AD19:$AF19))*Guide!$I$4,"") | X16: =Guide!$H$4*testResults!I15 -> 0 | Y16: =SUM(W16:X67) -> 0 | Z16: =IFERROR((SUM(ContinuousAssessment!$AH19:$AK19)/COUNTA(ContinuousAssessment!AH19:AK19))*Guide!$I$4,"") | AA16: =testResults!J15*Guide!$H$4 -> 0 | AB16: =SUM(Z16:AA67) -> 0 | AC16: =SUM(AB16,Y16,V16,S16,P16,M16,J16,G16,D16,) -> 0
A17: ='Students Names'!$A16 -> 0 | B17: =IFERROR(Guide!$I$4*(SUM(ContinuousAssessment!B20:E20)/COUNTA(ContinuousAssessment!B20:E20)),"") | C17: =Guide!$H$4*testResults!B16 -> 0 | D17: =SUM(B17:C68) -> 0 | E17: =IFERROR(Guide!$I$4*(SUM(ContinuousAssessment!$F20:$I20)/COUNTA(ContinuousAssessment!$F20:$I20)),"") | F17: =Guide!$H$4*testResults!C16 -> 0 | G17: =SUM(E17:F68) -> 0 | H17: =IFERROR(Guide!$I$4*SUM(ContinuousAssessment!$J20:$M20)/COUNTA(ContinuousAssessment!$J20:$M20),"") | I17: =Guide!$H$4*testResults!D16 -> 0 | J17: =SUM(H17:I68) -> 0 | K17: =IFERROR(SUM(ContinuousAssessment!$N20:$Q20)/COUNTA(ContinuousAssessment!$N20:$Q20)*Guide!$I$4,"") | L17: =Guide!$H$4*testResults!$E16 -> 0 | M17: =SUM(K17:L68) -> 0 | N17: =IFERROR(Guide!$I$4*(SUM(ContinuousAssessment!$R20:$U20))/COUNTA(ContinuousAssessment!R20:U20),"") | O17: =Guide!$H$4*testResults!F16 -> 0 | P17: =SUM(N17:O68) -> 0 | Q17: =IFERROR(Guide!$I$4*(SUM(ContinuousAssessment!$V20:$Y20)/COUNTA(ContinuousAssessment!$V20:$Y20)),"") | R17: =Guide!$H$4*testResults!G16 -> 0 | S17: =SUM(Q17:R68) -> 0 | T17: =IFERROR(Guide!$I$4*(SUM(ContinuousAssessment!$Z20:$AC20))/COUNTA(ContinuousAssessment!$Z20:$AC20),"") | U17: =Guide!$H$4*testResults!H16 -> 0 | V17: =SUM(T17:U68) -> 0 | W17: =IFERROR(((SUM(ContinuousAssessment!$AD20:$AF20))/COUNTA(ContinuousAssessment!$AD20:$AF20))*Guide!$I$4,"") | X17: =Guide!$H$4*testResults!I16 -> 0 | Y17: =SUM(W17:X68) -> 0 | Z17: =IFERROR((SUM(ContinuousAssessment!$AH20:$AK20)/COUNTA(ContinuousAssessment!AH20:AK20))*Guide!$I$4,"") | AA17: =testResults!J16*Guide!$H$4 -> 0 | AB17: =SUM(Z17:AA68) -> 0 | AC17: =SUM(AB17,Y17,V17,S17,P17,M17,J17,G17,D17,) -> 0
A18: ='Students Names'!$A17 -> 0 | B18: =IFERROR(Guide!$I$4*(SUM(ContinuousAssessment!B21:E21)/COUNTA(ContinuousAssessment!B21:E21)),"") | C18: =Guide!$H$4*testResults!B17 -> 0 | D18: =SUM(B18:C69) -> 0 | E18: =IFERROR(Guide!$I$4*(SUM(ContinuousAssessment!$F21:$I21)/COUNTA(ContinuousAssessment!$F21:$I21)),"") | F18: =Guide!$H$4*testResults!C17 -> 0 | G18: =SUM(E18:F69) -> 0 | H18: =IFERROR(Guide!$I$4*SUM(ContinuousAssessment!$J21:$M21)/COUNTA(ContinuousAssessment!$J21:$M21),"") | I18: =Guide!$H$4*testResults!D17 -> 0 | J18: =SUM(H18:I69) -> 0 | K18: =IFERROR(SUM(ContinuousAssessment!$N21:$Q21)/COUNTA(ContinuousAssessment!$N21:$Q21)*Guide!$I$4,"") | L18: =Guide!$H$4*testResults!$E17 -> 0 | M18: =SUM(K18:L69) -> 0 | N18: =IFERROR(Guide!$I$4*(SUM(ContinuousAssessment!$R21:$U21))/COUNTA(ContinuousAssessment!R21:U21),"") | O18: =Guide!$H$4*testResults!F17 -> 0 | P18: =SUM(N18:O69) -> 0 | Q18: =IFERROR(Guide!$I$4*(SUM(ContinuousAssessment!$V21:$Y21)/COUNTA(ContinuousAssessment!$V21:$Y21)),"") | R18: =Guide!$H$4*testResults!G17 -> 0 | S18: =SUM(Q18:R69) -> 0 | T18: =IFERROR(Guide!$I$4*(SUM(ContinuousAssessment!$Z21:$AC21))/COUNTA(ContinuousAssessment!$Z21:$AC21),"") | U18: =Guide!$H$4*testResults!H17 -> 0 | V18: =SUM(T18:U69) -> 0 | W18: =IFERROR(((SUM(ContinuousAssessment!$AD21:$AF21))/COUNTA(ContinuousAssessment!$AD21:$AF21))*Guide!$I$4,"") | X18: =Guide!$H$4*testResults!I17 -> 0 | Y18: =SUM(W18:X69) -> 0 | Z18: =IFERROR((SUM(ContinuousAssessment!$AH21:$AK21)/COUNTA(ContinuousAssessment!AH21:AK21))*Guide!$I$4,"") | AA18: =testResults!J17*Guide!$H$4 -> 0 | AB18: =SUM(Z18:AA69) -> 0 | AC18: =SUM(AB18,Y18,V18,S18,P18,M18,J18,G18,D18,) -> 0
A19: ='Students Names'!$A18 -> 0 | B19: =IFERROR(Guide!$I$4*(SUM(ContinuousAssessment!B22:E22)/COUNTA(ContinuousAssessment!B22:E22)),"") | C19: =Guide!$H$4*testResults!B18 -> 0 | D19: =SUM(B19:C70) -> 0 | E19: =IFERROR(Guide!$I$4*(SUM(ContinuousAssessment!$F22:$I22)/COUNTA(ContinuousAssessment!$F22:$I22)),"") | F19: =Guide!$H$4*testResults!C18 -> 0 | G19: =SUM(E19:F70) -> 0 | H19: =IFERROR(Guide!$I$4*SUM(ContinuousAssessment!$J22:$M22)/COUNTA(ContinuousAssessment!$J22:$M22),"") | I19: =Guide!$H$4*testResults!D18 -> 0 | J19: =SUM(H19:I70) -> 0 | K19: =IFERROR(SUM(ContinuousAssessment!$N22:$Q22)/COUNTA(ContinuousAssessment!$N22:$Q22)*Guide!$I$4,"") | L19: =Guide!$H$4*testResults!$E18 -> 0 | M19: =SUM(K19:L70) -> 0 | N19: =IFERROR(Guide!$I$4*(SUM(ContinuousAssessment!$R22:$U22))/COUNTA(ContinuousAssessment!R22:U22),"") | O19: =Guide!$H$4*testResults!F18 -> 0 | P19: =SUM(N19:O70) -> 0 | Q19: =IFERROR(Guide!$I$4*(SUM(ContinuousAssessment!$V22:$Y22)/COUNTA(ContinuousAssessment!$V22:$Y22)),"") | R19: =Guide!$H$4*testResults!G18 -> 0 | S19: =SUM(Q19:R70) -> 0 | T19: =IFERROR(Guide!$I$4*(SUM(ContinuousAssessment!$Z22:$AC22))/COUNTA(ContinuousAssessment!$Z22:$AC22),"") | U19: =Guide!$H$4*testResults!H18 -> 0 | V19: =SUM(T19:U70) -> 0 | W19: =IFERROR(((SUM(ContinuousAssessment!$AD22:$AF22))/COUNTA(ContinuousAssessment!$AD22:$AF22))*Guide!$I$4,"") | X19: =Guide!$H$4*testResults!I18 -> 0 | Y19: =SUM(W19:X70) -> 0 | Z19: =IFERROR((SUM(ContinuousAssessment!$AH22:$AK22)/COUNTA(ContinuousAssessment!AH22:AK22))*Guide!$I$4,"") | AA19: =testResults!J18*Guide!$H$4 -> 0 | AB19: =SUM(Z19:AA70) -> 0 | AC19: =SUM(AB19,Y19,V19,S19,P19,M19,J19,G19,D19,) -> 0
A20: ='Students Names'!$A19 -> 0 | B20: =IFERROR(Guide!$I$4*(SUM(ContinuousAssessment!B23:E23)/COUNTA(ContinuousAssessment!B23:E23)),"") | C20: =Guide!$H$4*testResults!B19 -> 0 | D20: =SUM(B20:C71) -> 0 | E20: =IFERROR(Guide!$I$4*(SUM(ContinuousAssessment!$F23:$I23)/COUNTA(ContinuousAssessment!$F23:$I23)),"") | F20: =Guide!$H$4*testResults!C19 -> 0 | G20: =SUM(E20:F71) -> 0 | H20: =IFERROR(Guide!$I$4*SUM(ContinuousAssessment!$J23:$M23)/COUNTA(ContinuousAssessment!$J23:$M23),"") | I20: =Guide!$H$4*testResults!D19 -> 0 | J20: =SUM(H20:I71) -> 0 | K20: =IFERROR(SUM(ContinuousAssessment!$N23:$Q23)/COUNTA(ContinuousAssessment!$N23:$Q23)*Guide!$I$4,"") | L20: =Guide!$H$4*testResults!$E19 -> 0 | M20: =SUM(K20:L71) -> 0 | N20: =IFERROR(Guide!$I$4*(SUM(ContinuousAssessment!$R23:$U23))/COUNTA(ContinuousAssessment!R23:U23),"") | O20: =Guide!$H$4*testResults!F19 -> 0 | P20: =SUM(N20:O71) -> 0 | Q20: =IFERROR(Guide!$I$4*(SUM(ContinuousAssessment!$V23:$Y23)/COUNTA(ContinuousAssessment!$V23:$Y23)),"") | R20: =Guide!$H$4*testResults!G19 -> 0 | S20: =SUM(Q20:R71) -> 0 | T20: =IFERROR(Guide!$I$4*(SUM(ContinuousAssessment!$Z23:$AC23))/COUNTA(ContinuousAssessment!$Z23:$AC23),"") | U20: =Guide!$H$4*testResults!H19 -> 0 | V20: =SUM(T20:U71) -> 0 | W20: =IFERROR(((SUM(ContinuousAssessment!$AD23:$AF23))/COUNTA(ContinuousAssessment!$AD23:$AF23))*Guide!$I$4,"") | X20: =Guide!$H$4*testResults!I19 -> 0 | Y20: =SUM(W20:X71) -> 0 | Z20: =IFERROR((SUM(ContinuousAssessment!$AH23:$AK23)/COUNTA(ContinuousAssessment!AH23:AK23))*Guide!$I$4,"") | AA20: =testResults!J19*Guide!$H$4 -> 0 | AB20: =SUM(Z20:AA71) -> 0 | AC20: =SUM(AB20,Y20,V20,S20,P20,M20,J20,G20,D20,) -> 0
A21: ='Students Names'!$A20 -> 0 | B21: =IFERROR(Guide!$I$4*(SUM(ContinuousAssessment!B24:E24)/COUNTA(ContinuousAssessment!B24:E24)),"") | C21: =Guide!$H$4*testResults!B20 -> 0 | D21: =SUM(B21:C72) -> 0 | E21: =IFERROR(Guide!$I$4*(SUM(ContinuousAssessment!$F24:$I24)/COUNTA(ContinuousAssessment!$F24:$I24)),"") | F21: =Guide!$H$4*testResults!C20 -> 0 | G21: =SUM(E21:F72) -> 0 | H21: =IFERROR(Guide!$I$4*SUM(ContinuousAssessment!$J24:$M24)/COUNTA(ContinuousAssessment!$J24:$M24),"") | I21: =Guide!$H$4*testResults!D20 -> 0 | J21: =SUM(H21:I72) -> 0 | K21: =IFERROR(SUM(ContinuousAssessment!$N24:$Q24)/COUNTA(ContinuousAssessment!$N24:$Q24)*Guide!$I$4,"") | L21: =Guide!$H$4*testResults!$E20 -> 0 | M21: =SUM(K21:L72) -> 0 | N21: =IFERROR(Guide!$I$4*(SUM(ContinuousAssessment!$R24:$U24))/COUNTA(ContinuousAssessment!R24:U24),"") | O21: =Guide!$H$4*testResults!F20 -> 0 | P21: =SUM(N21:O72) -> 0 | Q21: =IFERROR(Guide!$I$4*(SUM(ContinuousAssessment!$V24:$Y24)/COUNTA(ContinuousAssessment!$V24:$Y24)),"") | R21: =Guide!$H$4*testResults!G20 -> 0 | S21: =SUM(Q21:R72) -> 0 | T21: =IFERROR(Guide!$I$4*(SUM(ContinuousAssessment!$Z24:$AC24))/COUNTA(ContinuousAssessment!$Z24:$AC24),"") | U21: =Guide!$H$4*testResults!H20 -> 0 | V21: =SUM(T21:U72) -> 0 | W21: =IFERROR(((SUM(ContinuousAssessment!$AD24:$AF24))/COUNTA(ContinuousAssessment!$AD24:$AF24))*Guide!$I$4,"") | X21: =Guide!$H$4*testResults!I20 -> 0 | Y21: =SUM(W21:X72) -> 0 | Z21: =IFERROR((SUM(ContinuousAssessment!$AH24:$AK24)/COUNTA(ContinuousAssessment!AH24:AK24))*Guide!$I$4,"") | AA21: =testResults!J20*Guide!$H$4 -> 0 | AB21: =SUM(Z21:AA72) -> 0 | AC21: =SUM(AB21,Y21,V21,S21,P21,M21,J21,G21,D21,) -> 0
A22: ='Students Names'!$A21 -> 0 | B22: =IFERROR(Guide!$I$4*(SUM(ContinuousAssessment!B25:E25)/COUNTA(ContinuousAssessment!B25:E25)),"") | C22: =Guide!$H$4*testResults!B21 -> 0 | D22: =SUM(B22:C73) -> 0 | E22: =IFERROR(Guide!$I$4*(SUM(ContinuousAssessment!$F25:$I25)/COUNTA(ContinuousAssessment!$F25:$I25)),"") | F22: =Guide!$H$4*testResults!C21 -> 0 | G22: =SUM(E22:F73) -> 0 | H22: =IFERROR(Guide!$I$4*SUM(ContinuousAssessment!$J25:$M25)/COUNTA(ContinuousAssessment!$J25:$M25),"") | I22: =Guide!$H$4*testResults!D21 -> 0 | J22: =SUM(H22:I73) -> 0 | K22: =IFERROR(SUM(ContinuousAssessment!$N25:$Q25)/COUNTA(ContinuousAssessment!$N25:$Q25)*Guide!$I$4,"") | L22: =Guide!$H$4*testResults!$E21 -> 0 | M22: =SUM(K22:L73) -> 0 | N22: =IFERROR(Guide!$I$4*(SUM(ContinuousAssessment!$R25:$U25))/COUNTA(ContinuousAssessment!R25:U25),"") | O22: =Guide!$H$4*testResults!F21 -> 0 | P22: =SUM(N22:O73) -> 0 | Q22: =IFERROR(Guide!$I$4*(SUM(ContinuousAssessment!$V25:$Y25)/COUNTA(ContinuousAssessment!$V25:$Y25)),"") | R22: =Guide!$H$4*testResults!G21 -> 0 | S22: =SUM(Q22:R73) -> 0 | T22: =IFERROR(Guide!$I$4*(SUM(ContinuousAssessment!$Z25:$AC25))/COUNTA(ContinuousAssessment!$Z25:$AC25),"") | U22: =Guide!$H$4*testResults!H21 -> 0 | V22: =SUM(T22:U73) -> 0 | W22: =IFERROR(((SUM(ContinuousAssessment!$AD25:$AF25))/COUNTA(ContinuousAssessment!$AD25:$AF25))*Guide!$I$4,"") | X22: =Guide!$H$4*testResults!I21 -> 0 | Y22: =SUM(W22:X73) -> 0 | Z22: =IFERROR((SUM(ContinuousAssessment!$AH25:$AK25)/COUNTA(ContinuousAssessment!AH25:AK25))*Guide!$I$4,"") | AA22: =testResults!J21*Guide!$H$4 -> 0 | AB22: =SUM(Z22:AA73) -> 0 | AC22: =SUM(AB22,Y22,V22,S22,P22,M22,J22,G22,D22,) -> 0
A23: ='Students Names'!$A22 -> 0 | B23: =IFERROR(Guide!$I$4*(SUM(ContinuousAssessment!B26:E26)/COUNTA(ContinuousAssessment!B26:E26)),"") | C23: =Guide!$H$4*testResults!B22 -> 0 | D23: =SUM(B23:C74) -> 0 | E23: =IFERROR(Guide!$I$4*(SUM(ContinuousAssessment!$F26:$I26)/COUNTA(ContinuousAssessment!$F26:$I26)),"") | F23: =Guide!$H$4*testResults!C22 -> 0 | G23: =SUM(E23:F74) -> 0 | H23: =IFERROR(Guide!$I$4*SUM(ContinuousAssessment!$J26:$M26)/COUNTA(ContinuousAssessment!$J26:$M26),"") | I23: =Guide!$H$4*testResults!D22 -> 0 | J23: =SUM(H23:I74) -> 0 | K23: =IFERROR(SUM(ContinuousAssessment!$N26:$Q26)/COUNTA(ContinuousAssessment!$N26:$Q26)*Guide!$I$4,"") | L23: =Guide!$H$4*testResults!$E22 -> 0 | M23: =SUM(K23:L74) -> 0 | N23: =IFERROR(Guide!$I$4*(SUM(ContinuousAssessment!$R26:$U26))/COUNTA(ContinuousAssessment!R26:U26),"") | O23: =Guide!$H$4*testResults!F22 -> 0 | P23: =SUM(N23:O74) -> 0 | Q23: =IFERROR(Guide!$I$4*(SUM(ContinuousAssessment!$V26:$Y26)/COUNTA(ContinuousAssessment!$V26:$Y26)),"") | R23: =Guide!$H$4*testResults!G22 -> 0 | S23: =SUM(Q23:R74) -> 0 | T23: =IFERROR(Guide!$I$4*(SUM(ContinuousAssessment!$Z26:$AC26))/COUNTA(ContinuousAssessment!$Z26:$AC26),"") | U23: =Guide!$H$4*testResults!H22 -> 0 | V23: =SUM(T23:U74) -> 0 | W23: =IFERROR(((SUM(ContinuousAssessment!$AD26:$AF26))/COUNTA(ContinuousAssessment!$AD26:$AF26))*Guide!$I$4,"") | X23: =Guide!$H$4*testResults!I22 -> 0 | Y23: =SUM(W23:X74) -> 0 | Z23: =IFERROR((SUM(ContinuousAssessment!$AH26:$AK26)/COUNTA(ContinuousAssessment!AH26:AK26))*Guide!$I$4,"") | AA23: =testResults!J22*Guide!$H$4 -> 0 | AB23: =SUM(Z23:AA74) -> 0 | AC23: =SUM(AB23,Y23,V23,S23,P23,M23,J23,G23,D23,) -> 0
A24: ='Students Names'!$A23 -> 0 | B24: =IFERROR(Guide!$I$4*(SUM(ContinuousAssessment!B27:E27)/COUNTA(ContinuousAssessment!B27:E27)),"") | C24: =Guide!$H$4*testResults!B23 -> 0 | D24: =SUM(B24:C75) -> 0 | E24: =IFERROR(Guide!$I$4*(SUM(ContinuousAssessment!$F27:$I27)/COUNTA(ContinuousAssessment!$F27:$I27)),"") | F24: =Guide!$H$4*testResults!C23 -> 0 | G24: =SUM(E24:F75) -> 0 | H24: =IFERROR(Guide!$I$4*SUM(ContinuousAssessment!$J27:$M27)/COUNTA(ContinuousAssessment!$J27:$M27),"") | I24: =Guide!$H$4*testResults!D23 -> 0 | J24: =SUM(H24:I75) -> 0 | K24: =IFERROR(SUM(ContinuousAssessment!$N27:$Q27)/COUNTA(ContinuousAssessment!$N27:$Q27)*Guide!$I$4,"") | L24: =Guide!$H$4*testResults!$E23 -> 0 | M24: =SUM(K24:L75) -> 0 | N24: =IFERROR(Guide!$I$4*(SUM(ContinuousAssessment!$R27:$U27))/COUNTA(ContinuousAssessment!R27:U27),"") | O24: =Guide!$H$4*testResults!F23 -> 0 | P24: =SUM(N24:O75) -> 0 | Q24: =IFERROR(Guide!$I$4*(SUM(ContinuousAssessment!$V27:$Y27)/COUNTA(ContinuousAssessment!$V27:$Y27)),"") | R24: =Guide!$H$4*testResults!G23 -> 0 | S24: =SUM(Q24:R75) -> 0 | T24: =IFERROR(Guide!$I$4*(SUM(ContinuousAssessment!$Z27:$AC27))/COUNTA(ContinuousAssessment!$Z27:$AC27),"") | U24: =Guide!$H$4*testResults!H23 -> 0 | V24: =SUM(T24:U75) -> 0 | W24: =IFERROR(((SUM(ContinuousAssessment!$AD27:$AF27))/COUNTA(ContinuousAssessment!$AD27:$AF27))*Guide!$I$4,"") | X24: =Guide!$H$4*testResults!I23 -> 0 | Y24: =SUM(W24:X75) -> 0 | Z24: =IFERROR((SUM(ContinuousAssessment!$AH27:$AK27)/COUNTA(ContinuousAssessment!AH27:AK27))*Guide!$I$4,"") | AA24: =testResults!J23*Guide!$H$4 -> 0 | AB24: =SUM(Z24:AA75) -> 0 | AC24: =SUM(AB24,Y24,V24,S24,P24,M24,J24,G24,D24,) -> 0
... A54: ='Students Names'!$A53 -> 0 | B54: =IFERROR(Guide!$I$4*(SUM(ContinuousAssessment!B57:E57)/COUNTA(ContinuousAssessment!B57:E57)),"") | C54: =Guide!$H$4*testResults!B53 -> 0 | D54: =SUM(B54:C105) -> 0 | E54: =IFERROR(Guide!$I$4*(SUM(ContinuousAssessment!$F57:$I57)/COUNTA(ContinuousAssessment!$F57:$I57)),"") | F54: =Guide!$H$4*testResults!C53 -> 0 | G54: =SUM(E54:F105) -> 0 | H54: =IFERROR(Guide!$I$4*SUM(ContinuousAssessment!$J57:$M57)/COUNTA(ContinuousAssessment!$J57:$M57),"") | I54: =Guide!$H$4*testResults!D53 -> 0 | J54: =SUM(H54:I105) -> 0 | K54: =IFERROR(SUM(ContinuousAssessment!$N57:$Q57)/COUNTA(ContinuousAssessment!$N57:$Q57)*Guide!$I$4,"") | L54: =Guide!$H$4*testResults!$E53 -> 0 | M54: =SUM(K54:L105) -> 0 | N54: =IFERROR(Guide!$I$4*(SUM(ContinuousAssessment!$R57:$U57))/COUNTA(ContinuousAssessment!R57:U57),"") | O54: =Guide!$H$4*testResults!F53 -> 0 | P54: =SUM(N54:O105) -> 0 | Q54: =IFERROR(Guide!$I$4*(SUM(ContinuousAssessment!$V57:$Y57)/COUNTA(ContinuousAssessment!$V57:$Y57)),"") | R54: =Guide!$H$4*testResults!G53 -> 0 | S54: =SUM(Q54:R105) -> 0 | T54: =IFERROR(Guide!$I$4*(SUM(ContinuousAssessment!$Z57:$AC57))/COUNTA(ContinuousAssessment!$Z57:$AC57),"") | U54: =Guide!$H$4*testResults!H53 -> 0 | V54: =SUM(T54:U105) -> 0 | W54: =IFERROR(((SUM(ContinuousAssessment!$AD57:$AF57))/COUNTA(ContinuousAssessment!$AD57:$AF57))*Guide!$I$4,"") | X54: =Guide!$H$4*testResults!I53 -> 0 | Y54: =SUM(W54:X105) -> 0 | Z54: =IFERROR((SUM(ContinuousAssessment!$AH57:$AK57)/COUNTA(ContinuousAssessment!AH57:AK57))*Guide!$I$4,"") | AA54: =testResults!J53*Guide!$H$4 -> 0 | AB54: =SUM(Z54:AA105) -> 0 | AC54: =SUM(AB54,Y54,V54,S54,P54,M54,J54,G54,D54,) -> 0

Sheet reportCards
C3: =UPPER(Guide!$I$9) -> KALPOHIN ANGLICAN PRIMARY B
C4: Name: | D4: ALAHASSAN IDDRISU
C5: CLASS: | D5: BASIC 1
C6: DATE:
C7: NEXT TIME BEGINS:
C8: SUBJECT | D8: CLASS SCORE | E8: EXAM SCORE | F8: TOTAL SCORE | G8: POSITION | H8: REMARKS
C9: ENGLISH | D9: =_xlfn.XLOOKUP($D$4,overAll!$A$3:$A$54,overAll!B$3:B$54) | E9: =_xlfn.XLOOKUP($D$4,overAll!$A$3:$A$54,overAll!C$3:C$54) -> 61.6 | F9: =_xlfn.XLOOKUP($D$4,overAll!$A$3:$A$54,overAll!D$3:D$54) -> 61.6 | G9: =RANK(_xlfn.XLOOKUP($D$4,overAll!$A$3:$A$54,overAll!D$3:D$54),overAll!D$3:D$54) -> 2 | H9: =IF(F9>=80,"Excellent",IF(F9>=70,"Very Good",IF(F9>=60,"Good",IF(F9>=45,"Credit",IF(F9>=35,"Pass",IF(F9<35,"Fail")))))) -> Good
C10: MATHEMATICS | D10: =_xlfn.XLOOKUP($D$4,overAll!$A$3:$A$54,overAll!E$3:E$54) | E10: =_xlfn.XLOOKUP($D$4,overAll!$A$3:$A$54,overAll!F$3:F$54) -> 0 | F10: =_xlfn.XLOOKUP($D$4,overAll!$A$3:$A$54,overAll!G$3:G$54) -> 0 | G10: =RANK(_xlfn.XLOOKUP($D$4,overAll!$A$3:$A$54,overAll!G$3:G$54),overAll!G$3:G$54) -> 1 | H10: =IF(F10>=80,"Excellent",IF(F10>=70,"Very Good",IF(F10>=60,"Good",IF(F10>=45,"Credit",IF(F10>=35,"Pass",IF(F10<35,"Fail")))))) -> Fail
C11: SCIENCE | D11: =_xlfn.XLOOKUP($D$4,overAll!$A$3:$A$54,overAll!H$3:H$54) | E11: =_xlfn.XLOOKUP($D$4,overAll!$A$3:$A$54,overAll!I$3:I$54) -> 0 | F11: =_xlfn.XLOOKUP($D$4,overAll!$A$3:$A$54,overAll!J$3:J$54) -> 0 | G11: =RANK(_xlfn.XLOOKUP($D$4,overAll!$A$3:$A$54,overAll!J$3:J$54),overAll!J$3:J$54) -> 1 | H11: =IF(F11>=80,"Excellent",IF(F11>=70,"Very Good",IF(F11>=60,"Good",IF(F11>=45,"Credit",IF(F11>=35,"Pass",IF(F11<35,"Fail")))))) -> Fail
C12: HISTORY | D12: =_xlfn.XLOOKUP($D$4,overAll!$A$3:$A$54,overAll!K$3:K$54) | E12: =_xlfn.XLOOKUP($D$4,overAll!$A$3:$A$54,overAll!L$3:L$54) -> 0 | F12: =_xlfn.XLOOKUP($D$4,overAll!$A$3:$A$54,overAll!M$3:M$54) -> 0 | G12: =RANK(_xlfn.XLOOKUP($D$4,overAll!$A$3:$A$54,overAll!M$3:M$54),overAll!M$3:M$54) -> 1 | H12: =IF(F12>=80,"Excellent",IF(F12>=70,"Very Good",IF(F12>=60,"Good",IF(F12>=45,"Credit",IF(F12>=35,"Pass",IF(F12<35,"Fail")))))) -> Fail
C13: RME | D13: =_xlfn.XLOOKUP($D$4,overAll!$A$3:$A$54,overAll!N$3:N$54) | E13: =_xlfn.XLOOKUP($D$4,overAll!$A$3:$A$54,overAll!O$3:O$54) -> 0 | F13: =_xlfn.XLOOKUP($D$4,overAll!$A$3:$A$54,overAll!P$3:P$54) -> 0 | G13: =RANK(_xlfn.XLOOKUP($D$4,overAll!$A$3:$A$54,overAll!P$3:P$54),overAll!$P$3:$P$54) -> 1 | H13: =IF(F13>=80,"Excellent",IF(F13>=70,"Very Good",IF(F13>=60,"Good",IF(F13>=45,"Credit",IF(F13>=35,"Pass",IF(F13<35,"Fail")))))) -> Fail
C14: CREATIVE ARTS | D14: =_xlfn.XLOOKUP($D$4,overAll!$A$3:$A$54,overAll!Q$3:Q$54) | E14: =_xlfn.XLOOKUP($D$4,overAll!$A$3:$A$54,overAll!R$3:R$54) -> 0 | F14: =_xlfn.XLOOKUP($D$4,overAll!$A$3:$A$54,overAll!S$3:S$54) -> 0 | G14: =RANK(_xlfn.XLOOKUP($D$4,overAll!$A$3:$A$54,overAll!S$3:S$54),overAll!$S$3:$S$54) -> 1 | H14: =IF(F14>=80,"Excellent",IF(F14>=70,"Very Good",IF(F14>=60,"Good",IF(F14>=45,"Credit",IF(F14>=35,"Pass",IF(F14<35,"Fail")))))) -> Fail
C15: OWOP | D15: =_xlfn.XLOOKUP($D$4,overAll!$A$3:$A$54,overAll!T$3:T$54) | E15: =_xlfn.XLOOKUP($D$4,overAll!$A$3:$A$54,overAll!U$3:U$54) -> 0 | F15: =_xlfn.XLOOKUP($D$4,overAll!$A$3:$A$54,overAll!V$3:V$54) -> 0 | G15: =RANK(_xlfn.XLOOKUP($D$4,overAll!$A$3:$A$54,overAll!V$3:V$54),overAll!V$3:V$54) -> 1 | H15: =IF(F15>=80,"Excellent",IF(F15>=70,"Very Good",IF(F15>=60,"Good",IF(F15>=45,"Credit",IF(F15>=35,"Pass",IF(F15<35,"Fail")))))) -> Fail
C16: COMPUTING | D16: =_xlfn.XLOOKUP($D$4,overAll!$A$3:$A$54,overAll!W$3:W$54) | E16: =_xlfn.XLOOKUP($D$4,overAll!$A$3:$A$54,overAll!X$3:X$54) -> 0 | F16: =_xlfn.XLOOKUP($D$4,overAll!$A$3:$A$54,overAll!Y$3:Y$54) -> 0 | G16: =RANK(_xlfn.XLOOKUP($D$4,overAll!$A$3:$A$54,overAll!Y$3:Y$54),overAll!Y$3:Y$54) -> 1 | H16: =IF(F16>=80,"Excellent",IF(F16>=70,"Very Good",IF(F16>=60,"Good",IF(F16>=45,"Credit",IF(F16>=35,"Pass",IF(F16<35,"Fail")))))) -> Fail
C17: GHANAIAN LANGUAGE | D17: =_xlfn.XLOOKUP($D$4,overAll!$A$3:$A$54,overAll!Z$3:Z$54) | E17: =_xlfn.XLOOKUP($D$4,overAll!$A$3:$A$54,overAll!AA$3:AA$54) -> 0 | F17: =_xlfn.XLOOKUP($D$4,overAll!$A$3:$A$54,overAll!AB$3:AB$54) -> 0 | G17: =RANK(_xlfn.XLOOKUP($D$4,overAll!$A$3:$A$54,overAll!AB$3:AB$54),overAll!AB$3:AB$54) -> 1 | H17: =IF(F17>=80,"Excellent",IF(F17>=70,"Very Good",IF(F17>=60,"Good",IF(F17>=45,"Credit",IF(F17>=35,"Pass",IF(F17<35,"Fail")))))) -> Fail
C21: ATTENDANCE | D21: 55 | E21: OUT OF TOTAL OF | G21: 70 | H21: PROMOTED TO: | I21: BASIC 5
C23: CONDUCT: | D23: COOPERATIVE | E23: ATTITUDE: | F23: CONSISTENT EFFORT | G23: INTEREST: | H23: CREATIVE ARTS
C24: TEACHER'S REMARKS: | D24: SHOWS IMPROVEMENT
C25: HEADTEACHER'S REMARKS:
